{"polyfill":["/polyfill-1577ac4eb7407bc11cd6.js"],"app":["/app-2a0039f04cff863b8f84.js"],"component---src-pages-404-js":["/component---src-pages-404-js-fbfb3d2ad03fc9ea5bad.js"],"component---src-pages-blog-js":["/component---src-pages-blog-js-51286b9d8a50d80769a3.js"],"component---src-pages-index-js":["/component---src-pages-index-js-fa02e1e653db3f4fec9c.js"],"component---src-pages-o-nas-js":["/component---src-pages-o-nas-js-9a3cfb6c8fd5963f58c9.js"],"component---src-pages-portfolio-index-js":["/component---src-pages-portfolio-index-js-77bbf63ffdb8c7669e30.js"],"component---src-pages-portfolio-lokale-js":["/component---src-pages-portfolio-lokale-js-009467157ac3544607ad.js"],"component---src-templates-blog-post-js":["/component---src-templates-blog-post-js-7aad107a5bd7b0860f4c.js"],"component---src-templates-category-js":["/component---src-templates-category-js-014bb7604f0c40a7ca26.js"],"component---src-templates-portfolio-js":["/component---src-templates-portfolio-js-9d3c8cea8f0ff788c180.js"]}