{"namedChunkGroups":{"polyfill":{"name":"polyfill","assets":[{"name":"webpack-runtime-b6b3949c520f1309e763.js","size":5089},{"name":"polyfill-1577ac4eb7407bc11cd6.js","size":82663}],"filteredAssets":0,"assetsSize":87752,"filteredAuxiliaryAssets":2,"auxiliaryAssetsSize":220165},"app":{"name":"app","assets":[{"name":"webpack-runtime-b6b3949c520f1309e763.js","size":5089},{"name":"styles.14375c35eaa432b71285.css","size":46667},{"name":"framework-82fd92cf448c4b453dbb.js","size":129959},{"name":"app-2a0039f04cff863b8f84.js","size":246595}],"filteredAssets":0,"assetsSize":428310,"filteredAuxiliaryAssets":58,"auxiliaryAssetsSize":3087230},"component---src-pages-404-js":{"name":"component---src-pages-404-js","assets":[{"name":"styles.14375c35eaa432b71285.css","size":46667},{"name":"4c8e8cf194d5efbb767956bff128f581a96aedf6-c005896b8036fe10d01a.js","size":122983},{"name":"4035568ab3f5d75e51ebfb09b45562417a1c604f-739657a7076ac34f2340.js","size":18426},{"name":"component---src-pages-404-js-fbfb3d2ad03fc9ea5bad.js","size":587}],"filteredAssets":0,"assetsSize":188663,"filteredAuxiliaryAssets":58,"auxiliaryAssetsSize":2282113},"component---src-pages-blog-js":{"name":"component---src-pages-blog-js","assets":[{"name":"styles.14375c35eaa432b71285.css","size":46667},{"name":"4c8e8cf194d5efbb767956bff128f581a96aedf6-c005896b8036fe10d01a.js","size":122983},{"name":"12b7f2cd3e43a2950a865828b4de65afa387d0d7-141a9a94fd696aaf6e25.js","size":185883},{"name":"component---src-pages-blog-js-51286b9d8a50d80769a3.js","size":10164}],"filteredAssets":0,"assetsSize":365697,"filteredAuxiliaryAssets":58,"auxiliaryAssetsSize":2656872},"component---src-pages-index-js":{"name":"component---src-pages-index-js","assets":[{"name":"styles.14375c35eaa432b71285.css","size":46667},{"name":"4c8e8cf194d5efbb767956bff128f581a96aedf6-c005896b8036fe10d01a.js","size":122983},{"name":"12b7f2cd3e43a2950a865828b4de65afa387d0d7-141a9a94fd696aaf6e25.js","size":185883},{"name":"4035568ab3f5d75e51ebfb09b45562417a1c604f-739657a7076ac34f2340.js","size":18426},{"name":"component---src-pages-index-js-fa02e1e653db3f4fec9c.js","size":19248}],"filteredAssets":0,"assetsSize":393207,"filteredAuxiliaryAssets":62,"auxiliaryAssetsSize":9843676},"component---src-pages-o-nas-js":{"name":"component---src-pages-o-nas-js","assets":[{"name":"styles.14375c35eaa432b71285.css","size":46667},{"name":"4c8e8cf194d5efbb767956bff128f581a96aedf6-c005896b8036fe10d01a.js","size":122983},{"name":"12b7f2cd3e43a2950a865828b4de65afa387d0d7-141a9a94fd696aaf6e25.js","size":185883},{"name":"component---src-pages-o-nas-js-9a3cfb6c8fd5963f58c9.js","size":8388}],"filteredAssets":0,"assetsSize":363921,"filteredAuxiliaryAssets":58,"auxiliaryAssetsSize":2652601},"component---src-pages-portfolio-index-js":{"name":"component---src-pages-portfolio-index-js","assets":[{"name":"styles.14375c35eaa432b71285.css","size":46667},{"name":"4c8e8cf194d5efbb767956bff128f581a96aedf6-c005896b8036fe10d01a.js","size":122983},{"name":"12b7f2cd3e43a2950a865828b4de65afa387d0d7-141a9a94fd696aaf6e25.js","size":185883},{"name":"component---src-pages-portfolio-index-js-77bbf63ffdb8c7669e30.js","size":12895}],"filteredAssets":0,"assetsSize":368428,"filteredAuxiliaryAssets":60,"auxiliaryAssetsSize":9716551},"component---src-pages-portfolio-lokale-js":{"name":"component---src-pages-portfolio-lokale-js","assets":[{"name":"component---src-pages-portfolio-lokale-js-009467157ac3544607ad.js","size":329}],"filteredAssets":0,"assetsSize":329,"filteredAuxiliaryAssets":1,"auxiliaryAssetsSize":400},"component---src-templates-blog-post-js":{"name":"component---src-templates-blog-post-js","assets":[{"name":"styles.14375c35eaa432b71285.css","size":46667},{"name":"4c8e8cf194d5efbb767956bff128f581a96aedf6-c005896b8036fe10d01a.js","size":122983},{"name":"12b7f2cd3e43a2950a865828b4de65afa387d0d7-141a9a94fd696aaf6e25.js","size":185883},{"name":"4035568ab3f5d75e51ebfb09b45562417a1c604f-739657a7076ac34f2340.js","size":18426},{"name":"bbf0412460b88966a6fbff0dafc89b70ebb5ff2e-3a71dab338c9a2d072dc.js","size":21167},{"name":"component---src-templates-blog-post-js-7aad107a5bd7b0860f4c.js","size":1562}],"filteredAssets":0,"assetsSize":396688,"filteredAuxiliaryAssets":60,"auxiliaryAssetsSize":2803268},"component---src-templates-category-js":{"name":"component---src-templates-category-js","assets":[{"name":"styles.14375c35eaa432b71285.css","size":46667},{"name":"4c8e8cf194d5efbb767956bff128f581a96aedf6-c005896b8036fe10d01a.js","size":122983},{"name":"12b7f2cd3e43a2950a865828b4de65afa387d0d7-141a9a94fd696aaf6e25.js","size":185883},{"name":"4035568ab3f5d75e51ebfb09b45562417a1c604f-739657a7076ac34f2340.js","size":18426},{"name":"component---src-templates-category-js-014bb7604f0c40a7ca26.js","size":1836}],"filteredAssets":0,"assetsSize":375795,"filteredAuxiliaryAssets":59,"auxiliaryAssetsSize":2720008},"component---src-templates-portfolio-js":{"name":"component---src-templates-portfolio-js","assets":[{"name":"styles.14375c35eaa432b71285.css","size":46667},{"name":"4c8e8cf194d5efbb767956bff128f581a96aedf6-c005896b8036fe10d01a.js","size":122983},{"name":"12b7f2cd3e43a2950a865828b4de65afa387d0d7-141a9a94fd696aaf6e25.js","size":185883},{"name":"4035568ab3f5d75e51ebfb09b45562417a1c604f-739657a7076ac34f2340.js","size":18426},{"name":"bbf0412460b88966a6fbff0dafc89b70ebb5ff2e-3a71dab338c9a2d072dc.js","size":21167},{"name":"component---src-templates-portfolio-js-9d3c8cea8f0ff788c180.js","size":705}],"filteredAssets":0,"assetsSize":395831,"filteredAuxiliaryAssets":60,"auxiliaryAssetsSize":2800854}},"assetsByChunkName":{"polyfill":["webpack-runtime-b6b3949c520f1309e763.js","polyfill-1577ac4eb7407bc11cd6.js"],"app":["webpack-runtime-b6b3949c520f1309e763.js","styles.14375c35eaa432b71285.css","framework-82fd92cf448c4b453dbb.js","app-2a0039f04cff863b8f84.js"],"component---src-pages-404-js":["styles.14375c35eaa432b71285.css","4c8e8cf194d5efbb767956bff128f581a96aedf6-c005896b8036fe10d01a.js","4035568ab3f5d75e51ebfb09b45562417a1c604f-739657a7076ac34f2340.js","component---src-pages-404-js-fbfb3d2ad03fc9ea5bad.js"],"component---src-pages-blog-js":["styles.14375c35eaa432b71285.css","4c8e8cf194d5efbb767956bff128f581a96aedf6-c005896b8036fe10d01a.js","12b7f2cd3e43a2950a865828b4de65afa387d0d7-141a9a94fd696aaf6e25.js","component---src-pages-blog-js-51286b9d8a50d80769a3.js"],"component---src-pages-index-js":["styles.14375c35eaa432b71285.css","4c8e8cf194d5efbb767956bff128f581a96aedf6-c005896b8036fe10d01a.js","12b7f2cd3e43a2950a865828b4de65afa387d0d7-141a9a94fd696aaf6e25.js","4035568ab3f5d75e51ebfb09b45562417a1c604f-739657a7076ac34f2340.js","component---src-pages-index-js-fa02e1e653db3f4fec9c.js"],"component---src-pages-o-nas-js":["styles.14375c35eaa432b71285.css","4c8e8cf194d5efbb767956bff128f581a96aedf6-c005896b8036fe10d01a.js","12b7f2cd3e43a2950a865828b4de65afa387d0d7-141a9a94fd696aaf6e25.js","component---src-pages-o-nas-js-9a3cfb6c8fd5963f58c9.js"],"component---src-pages-portfolio-index-js":["styles.14375c35eaa432b71285.css","4c8e8cf194d5efbb767956bff128f581a96aedf6-c005896b8036fe10d01a.js","12b7f2cd3e43a2950a865828b4de65afa387d0d7-141a9a94fd696aaf6e25.js","component---src-pages-portfolio-index-js-77bbf63ffdb8c7669e30.js"],"component---src-pages-portfolio-lokale-js":["component---src-pages-portfolio-lokale-js-009467157ac3544607ad.js"],"component---src-templates-blog-post-js":["styles.14375c35eaa432b71285.css","4c8e8cf194d5efbb767956bff128f581a96aedf6-c005896b8036fe10d01a.js","12b7f2cd3e43a2950a865828b4de65afa387d0d7-141a9a94fd696aaf6e25.js","4035568ab3f5d75e51ebfb09b45562417a1c604f-739657a7076ac34f2340.js","bbf0412460b88966a6fbff0dafc89b70ebb5ff2e-3a71dab338c9a2d072dc.js","component---src-templates-blog-post-js-7aad107a5bd7b0860f4c.js"],"component---src-templates-category-js":["styles.14375c35eaa432b71285.css","4c8e8cf194d5efbb767956bff128f581a96aedf6-c005896b8036fe10d01a.js","12b7f2cd3e43a2950a865828b4de65afa387d0d7-141a9a94fd696aaf6e25.js","4035568ab3f5d75e51ebfb09b45562417a1c604f-739657a7076ac34f2340.js","component---src-templates-category-js-014bb7604f0c40a7ca26.js"],"component---src-templates-portfolio-js":["styles.14375c35eaa432b71285.css","4c8e8cf194d5efbb767956bff128f581a96aedf6-c005896b8036fe10d01a.js","12b7f2cd3e43a2950a865828b4de65afa387d0d7-141a9a94fd696aaf6e25.js","4035568ab3f5d75e51ebfb09b45562417a1c604f-739657a7076ac34f2340.js","bbf0412460b88966a6fbff0dafc89b70ebb5ff2e-3a71dab338c9a2d072dc.js","component---src-templates-portfolio-js-9d3c8cea8f0ff788c180.js"]},"childAssetsByChunkName":{}}